benchmark_ConstraintDomains_v0.2.5_common,61352d66-3461-322d-6439-663430323730
benchmark_ConstraintDomains_v0.3.0_common,61352d66-3461-322d-6439-663430323730
benchmark_ConstraintDomains_v0.3.1_common,61352d66-3461-322d-6439-663430323730
benchmark_ConstraintDomains_v0.3.2_common,61352d66-3461-322d-6439-663430323730
benchmark_ConstraintDomains_v0.3.3_common,61352d66-3461-322d-6439-663430323730
benchmark_ConstraintDomains_v0.3.4_common,61352d66-3461-322d-6439-663430323730
benchmark_ConstraintDomains_v0.3.5_common,61352d66-3461-322d-6439-663430323730
benchmark_ConstraintDomains_v0.3.6_common,61352d66-3461-322d-6439-663430323730
benchmark_ConstraintDomains_v0.3.7_common,61352d66-3461-322d-6439-663430323730
benchmark_ConstraintDomains_v0.3.8_common,61352d66-3461-322d-6439-663430323730
benchmark_ConstraintDomains_v0.3.9_common,61352d66-3461-322d-6439-663430323730
benchmark_ConstraintDomains_v0.3.10_common,61352d66-3461-322d-6439-663430323730
benchmark_ConstraintDomains_v0.3.11_common,61352d66-3461-322d-6439-663430323730
benchmark_ConstraintDomains_v0.3.13_common,61352d66-3461-322d-6439-663430323730
benchmark_ConstraintDomains_v0.3.14_common,61352d66-3461-322d-6439-663430323730
benchmark_ConstraintDomains_v0.3.15_common,61352d66-3461-322d-6439-663430323730
chairmark_ConstraintDomains_v0.2.5_common,61352d66-3461-322d-6439-663430323730
chairmark_ConstraintDomains_v0.3.0_common,61352d66-3461-322d-6439-663430323730
chairmark_ConstraintDomains_v0.3.1_common,61352d66-3461-322d-6439-663430323730
chairmark_ConstraintDomains_v0.3.2_common,61352d66-3461-322d-6439-663430323730
chairmark_ConstraintDomains_v0.3.3_common,61352d66-3461-322d-6439-663430323730
chairmark_ConstraintDomains_v0.3.4_common,61352d66-3461-322d-6439-663430323730
chairmark_ConstraintDomains_v0.3.5_common,61352d66-3461-322d-6439-663430323730
chairmark_ConstraintDomains_v0.3.6_common,61352d66-3461-322d-6439-663430323730
chairmark_ConstraintDomains_v0.3.7_common,61352d66-3461-322d-6439-663430323730
chairmark_ConstraintDomains_v0.3.8_common,61352d66-3461-322d-6439-663430323730
chairmark_ConstraintDomains_v0.3.9_common,61352d66-3461-322d-6439-663430323730
chairmark_ConstraintDomains_v0.3.10_common,61352d66-3461-322d-6439-663430323730
chairmark_ConstraintDomains_v0.3.11_common,61352d66-3461-322d-6439-663430323730
chairmark_ConstraintDomains_v0.3.13_common,61352d66-3461-322d-6439-663430323730
chairmark_ConstraintDomains_v0.3.14_common,61352d66-3461-322d-6439-663430323730
chairmark_ConstraintDomains_v0.3.15_common,61352d66-3461-322d-6439-663430323730
benchmark_ConstraintDomains_v0.2.5_continuous,61352d66-3461-322d-6439-663430323730
benchmark_ConstraintDomains_v0.3.0_continuous,61352d66-3461-322d-6439-663430323730
benchmark_ConstraintDomains_v0.3.1_continuous,61352d66-3461-322d-6439-663430323730
benchmark_ConstraintDomains_v0.3.2_continuous,61352d66-3461-322d-6439-663430323730
benchmark_ConstraintDomains_v0.3.3_continuous,61352d66-3461-322d-6439-663430323730
benchmark_ConstraintDomains_v0.3.4_continuous,61352d66-3461-322d-6439-663430323730
benchmark_ConstraintDomains_v0.3.5_continuous,61352d66-3461-322d-6439-663430323730
benchmark_ConstraintDomains_v0.3.6_continuous,61352d66-3461-322d-6439-663430323730
benchmark_ConstraintDomains_v0.3.7_continuous,61352d66-3461-322d-6439-663430323730
benchmark_ConstraintDomains_v0.3.8_continuous,61352d66-3461-322d-6439-663430323730
benchmark_ConstraintDomains_v0.3.9_continuous,61352d66-3461-322d-6439-663430323730
benchmark_ConstraintDomains_v0.3.10_continuous,61352d66-3461-322d-6439-663430323730
benchmark_ConstraintDomains_v0.3.11_continuous,61352d66-3461-322d-6439-663430323730
benchmark_ConstraintDomains_v0.3.13_continuous,61352d66-3461-322d-6439-663430323730
benchmark_ConstraintDomains_v0.3.14_continuous,61352d66-3461-322d-6439-663430323730
benchmark_ConstraintDomains_v0.3.15_continuous,61352d66-3461-322d-6439-663430323730
chairmark_ConstraintDomains_v0.2.5_continuous,61352d66-3461-322d-6439-663430323730
chairmark_ConstraintDomains_v0.3.0_continuous,61352d66-3461-322d-6439-663430323730
chairmark_ConstraintDomains_v0.3.1_continuous,61352d66-3461-322d-6439-663430323730
chairmark_ConstraintDomains_v0.3.2_continuous,61352d66-3461-322d-6439-663430323730
chairmark_ConstraintDomains_v0.3.3_continuous,61352d66-3461-322d-6439-663430323730
chairmark_ConstraintDomains_v0.3.4_continuous,61352d66-3461-322d-6439-663430323730
chairmark_ConstraintDomains_v0.3.5_continuous,61352d66-3461-322d-6439-663430323730
chairmark_ConstraintDomains_v0.3.6_continuous,61352d66-3461-322d-6439-663430323730
chairmark_ConstraintDomains_v0.3.7_continuous,61352d66-3461-322d-6439-663430323730
chairmark_ConstraintDomains_v0.3.8_continuous,61352d66-3461-322d-6439-663430323730
chairmark_ConstraintDomains_v0.3.9_continuous,61352d66-3461-322d-6439-663430323730
chairmark_ConstraintDomains_v0.3.10_continuous,61352d66-3461-322d-6439-663430323730
chairmark_ConstraintDomains_v0.3.11_continuous,61352d66-3461-322d-6439-663430323730
chairmark_ConstraintDomains_v0.3.13_continuous,61352d66-3461-322d-6439-663430323730
chairmark_ConstraintDomains_v0.3.14_continuous,61352d66-3461-322d-6439-663430323730
chairmark_ConstraintDomains_v0.3.15_continuous,61352d66-3461-322d-6439-663430323730
benchmark_ConstraintDomains_v0.2.5_discrete,61352d66-3461-322d-6439-663430323730
benchmark_ConstraintDomains_v0.3.0_discrete,61352d66-3461-322d-6439-663430323730
benchmark_ConstraintDomains_v0.3.1_discrete,61352d66-3461-322d-6439-663430323730
benchmark_ConstraintDomains_v0.3.2_discrete,61352d66-3461-322d-6439-663430323730
benchmark_ConstraintDomains_v0.3.3_discrete,61352d66-3461-322d-6439-663430323730
benchmark_ConstraintDomains_v0.3.4_discrete,61352d66-3461-322d-6439-663430323730
benchmark_ConstraintDomains_v0.3.5_discrete,61352d66-3461-322d-6439-663430323730
benchmark_ConstraintDomains_v0.3.6_discrete,61352d66-3461-322d-6439-663430323730
benchmark_ConstraintDomains_v0.3.7_discrete,61352d66-3461-322d-6439-663430323730
benchmark_ConstraintDomains_v0.3.8_discrete,61352d66-3461-322d-6439-663430323730
benchmark_ConstraintDomains_v0.3.9_discrete,61352d66-3461-322d-6439-663430323730
benchmark_ConstraintDomains_v0.3.10_discrete,61352d66-3461-322d-6439-663430323730
benchmark_ConstraintDomains_v0.3.11_discrete,61352d66-3461-322d-6439-663430323730
benchmark_ConstraintDomains_v0.3.13_discrete,61352d66-3461-322d-6439-663430323730
benchmark_ConstraintDomains_v0.3.14_discrete,61352d66-3461-322d-6439-663430323730
benchmark_ConstraintDomains_v0.3.15_discrete,61352d66-3461-322d-6439-663430323730
chairmark_ConstraintDomains_v0.2.5_discrete,61352d66-3461-322d-6439-663430323730
chairmark_ConstraintDomains_v0.3.0_discrete,61352d66-3461-322d-6439-663430323730
chairmark_ConstraintDomains_v0.3.1_discrete,61352d66-3461-322d-6439-663430323730
chairmark_ConstraintDomains_v0.3.2_discrete,61352d66-3461-322d-6439-663430323730
chairmark_ConstraintDomains_v0.3.3_discrete,61352d66-3461-322d-6439-663430323730
chairmark_ConstraintDomains_v0.3.4_discrete,61352d66-3461-322d-6439-663430323730
chairmark_ConstraintDomains_v0.3.5_discrete,61352d66-3461-322d-6439-663430323730
chairmark_ConstraintDomains_v0.3.6_discrete,61352d66-3461-322d-6439-663430323730
chairmark_ConstraintDomains_v0.3.7_discrete,61352d66-3461-322d-6439-663430323730
chairmark_ConstraintDomains_v0.3.8_discrete,61352d66-3461-322d-6439-663430323730
chairmark_ConstraintDomains_v0.3.9_discrete,61352d66-3461-322d-6439-663430323730
chairmark_ConstraintDomains_v0.3.10_discrete,61352d66-3461-322d-6439-663430323730
chairmark_ConstraintDomains_v0.3.11_discrete,61352d66-3461-322d-6439-663430323730
chairmark_ConstraintDomains_v0.3.13_discrete,61352d66-3461-322d-6439-663430323730
chairmark_ConstraintDomains_v0.3.14_discrete,61352d66-3461-322d-6439-663430323730
chairmark_ConstraintDomains_v0.3.15_discrete,61352d66-3461-322d-6439-663430323730
benchmark_ConstraintDomains_v0.3.3_explore_complete,61352d66-3461-322d-6439-663430323730
benchmark_ConstraintDomains_v0.3.4_explore_complete,61352d66-3461-322d-6439-663430323730
benchmark_ConstraintDomains_v0.3.5_explore_complete,61352d66-3461-322d-6439-663430323730
benchmark_ConstraintDomains_v0.3.6_explore_complete,61352d66-3461-322d-6439-663430323730
benchmark_ConstraintDomains_v0.3.7_explore_complete,61352d66-3461-322d-6439-663430323730
benchmark_ConstraintDomains_v0.3.8_explore_complete,61352d66-3461-322d-6439-663430323730
benchmark_ConstraintDomains_v0.3.9_explore_complete,61352d66-3461-322d-6439-663430323730
benchmark_ConstraintDomains_v0.3.10_explore_complete,61352d66-3461-322d-6439-663430323730
benchmark_ConstraintDomains_v0.3.11_explore_complete,61352d66-3461-322d-6439-663430323730
benchmark_ConstraintDomains_v0.3.13_explore_complete,61352d66-3461-322d-6439-663430323730
benchmark_ConstraintDomains_v0.3.14_explore_complete,61352d66-3461-322d-6439-663430323730
benchmark_ConstraintDomains_v0.3.15_explore_complete,61352d66-3461-322d-6439-663430323730
chairmark_ConstraintDomains_v0.3.3_explore_complete,61352d66-3461-322d-6439-663430323730
chairmark_ConstraintDomains_v0.3.4_explore_complete,61352d66-3461-322d-6439-663430323730
chairmark_ConstraintDomains_v0.3.5_explore_complete,61352d66-3461-322d-6439-663430323730
chairmark_ConstraintDomains_v0.3.6_explore_complete,61352d66-3461-322d-6439-663430323730
chairmark_ConstraintDomains_v0.3.7_explore_complete,61352d66-3461-322d-6439-663430323730
chairmark_ConstraintDomains_v0.3.8_explore_complete,61352d66-3461-322d-6439-663430323730
chairmark_ConstraintDomains_v0.3.9_explore_complete,61352d66-3461-322d-6439-663430323730
chairmark_ConstraintDomains_v0.3.10_explore_complete,61352d66-3461-322d-6439-663430323730
chairmark_ConstraintDomains_v0.3.11_explore_complete,61352d66-3461-322d-6439-663430323730
chairmark_ConstraintDomains_v0.3.13_explore_complete,61352d66-3461-322d-6439-663430323730
chairmark_ConstraintDomains_v0.3.14_explore_complete,61352d66-3461-322d-6439-663430323730
chairmark_ConstraintDomains_v0.3.15_explore_complete,61352d66-3461-322d-6439-663430323730
alloc_ConstraintDomains_v0.3.3_explore_complete,61352d66-3461-322d-6439-663430323730
alloc_ConstraintDomains_v0.3.4_explore_complete,61352d66-3461-322d-6439-663430323730
alloc_ConstraintDomains_v0.3.5_explore_complete,61352d66-3461-322d-6439-663430323730
alloc_ConstraintDomains_v0.3.6_explore_complete,61352d66-3461-322d-6439-663430323730
alloc_ConstraintDomains_v0.3.7_explore_complete,61352d66-3461-322d-6439-663430323730
alloc_ConstraintDomains_v0.3.8_explore_complete,61352d66-3461-322d-6439-663430323730
alloc_ConstraintDomains_v0.3.9_explore_complete,61352d66-3461-322d-6439-663430323730
alloc_ConstraintDomains_v0.3.10_explore_complete,61352d66-3461-322d-6439-663430323730
alloc_ConstraintDomains_v0.3.11_explore_complete,61352d66-3461-322d-6439-663430323730
alloc_ConstraintDomains_v0.3.13_explore_complete,61352d66-3461-322d-6439-663430323730
alloc_ConstraintDomains_v0.3.14_explore_complete,61352d66-3461-322d-6439-663430323730
alloc_ConstraintDomains_v0.3.15_explore_complete,61352d66-3461-322d-6439-663430323730
benchmark_ConstraintDomains_v0.3.3_explore_partial,61352d66-3461-322d-6439-663430323730
benchmark_ConstraintDomains_v0.3.4_explore_partial,61352d66-3461-322d-6439-663430323730
benchmark_ConstraintDomains_v0.3.5_explore_partial,61352d66-3461-322d-6439-663430323730
benchmark_ConstraintDomains_v0.3.6_explore_partial,61352d66-3461-322d-6439-663430323730
benchmark_ConstraintDomains_v0.3.7_explore_partial,61352d66-3461-322d-6439-663430323730
benchmark_ConstraintDomains_v0.3.8_explore_partial,61352d66-3461-322d-6439-663430323730
benchmark_ConstraintDomains_v0.3.9_explore_partial,61352d66-3461-322d-6439-663430323730
benchmark_ConstraintDomains_v0.3.10_explore_partial,61352d66-3461-322d-6439-663430323730
benchmark_ConstraintDomains_v0.3.11_explore_partial,61352d66-3461-322d-6439-663430323730
benchmark_ConstraintDomains_v0.3.13_explore_partial,61352d66-3461-322d-6439-663430323730
benchmark_ConstraintDomains_v0.3.14_explore_partial,61352d66-3461-322d-6439-663430323730
benchmark_ConstraintDomains_v0.3.15_explore_partial,61352d66-3461-322d-6439-663430323730
chairmark_ConstraintDomains_v0.3.3_explore_partial,61352d66-3461-322d-6439-663430323730
chairmark_ConstraintDomains_v0.3.4_explore_partial,61352d66-3461-322d-6439-663430323730
chairmark_ConstraintDomains_v0.3.5_explore_partial,61352d66-3461-322d-6439-663430323730
chairmark_ConstraintDomains_v0.3.6_explore_partial,61352d66-3461-322d-6439-663430323730
chairmark_ConstraintDomains_v0.3.7_explore_partial,61352d66-3461-322d-6439-663430323730
chairmark_ConstraintDomains_v0.3.8_explore_partial,61352d66-3461-322d-6439-663430323730
chairmark_ConstraintDomains_v0.3.9_explore_partial,61352d66-3461-322d-6439-663430323730
chairmark_ConstraintDomains_v0.3.10_explore_partial,61352d66-3461-322d-6439-663430323730
chairmark_ConstraintDomains_v0.3.11_explore_partial,61352d66-3461-322d-6439-663430323730
chairmark_ConstraintDomains_v0.3.13_explore_partial,61352d66-3461-322d-6439-663430323730
chairmark_ConstraintDomains_v0.3.14_explore_partial,61352d66-3461-322d-6439-663430323730
chairmark_ConstraintDomains_v0.3.15_explore_partial,61352d66-3461-322d-6439-663430323730
alloc_ConstraintDomains_v0.3.3_explore_partial,61352d66-3461-322d-6439-663430323730
alloc_ConstraintDomains_v0.3.4_explore_partial,61352d66-3461-322d-6439-663430323730
alloc_ConstraintDomains_v0.3.5_explore_partial,61352d66-3461-322d-6439-663430323730
alloc_ConstraintDomains_v0.3.6_explore_partial,61352d66-3461-322d-6439-663430323730
alloc_ConstraintDomains_v0.3.7_explore_partial,61352d66-3461-322d-6439-663430323730
alloc_ConstraintDomains_v0.3.8_explore_partial,61352d66-3461-322d-6439-663430323730
alloc_ConstraintDomains_v0.3.9_explore_partial,61352d66-3461-322d-6439-663430323730
alloc_ConstraintDomains_v0.3.10_explore_partial,61352d66-3461-322d-6439-663430323730
alloc_ConstraintDomains_v0.3.11_explore_partial,61352d66-3461-322d-6439-663430323730
alloc_ConstraintDomains_v0.3.13_explore_partial,61352d66-3461-322d-6439-663430323730
alloc_ConstraintDomains_v0.3.14_explore_partial,61352d66-3461-322d-6439-663430323730
alloc_ConstraintDomains_v0.3.15_explore_partial,61352d66-3461-322d-6439-663430323730
